Year,Afghanistan,Albania,Algeria,Angola,Antigua and Barbuda,Argentina,Armenia,Australia,Austria,Azerbaijan,Bahamas,Bahrain,Bangladesh,Barbados,Belarus,Belgium,Belize,Benin,Bhutan,Bolivia,Bosnia and Herzegovina,Botswana,Brazil,Brunei,Bulgaria,Burkina Faso,Burundi,Cambodia,Cameroon,Canada,Cape Verde,Central African Republic,Chad,Chile,China,Colombia,Comoros,"Congo, Dem. Rep.","Congo, Rep.",Costa Rica,Cote d'Ivoire,Croatia,Cuba,Cyprus,Czech Republic,Denmark,Djibouti,Dominica,Dominican Republic,Ecuador,Egypt,El Salvador,Equatorial Guinea,Eritrea,Estonia,Ethiopia,Fiji,Finland,France,Gabon,Gambia,Georgia,Germany,Ghana,Greece,Grenada,Guatemala,Guinea,Guinea-Bissau,Guyana,Haiti,Honduras,Hungary,Iceland,India,Indonesia,Iran,Iraq,Ireland,Israel,Italy,Jamaica,Japan,Jordan,Kazakhstan,Kenya,Kiribati,Kuwait,Kyrgyz Republic,Lao,Latvia,Lebanon,Lesotho,Liberia,Libya,Lithuania,Luxembourg,"Macedonia, FYR",Madagascar,Malawi,Malaysia,Maldives,Mali,Malta,Marshall Islands,Mauritania,Mauritius,Mexico,"Micronesia, Fed. Sts.",Moldova,Mongolia,Montenegro,Morocco,Mozambique,Myanmar,Namibia,Nauru,Nepal,Netherlands,New Zealand,Nicaragua,Niger,Nigeria,Norway,Oman,Pakistan,Palau,Palestine,Panama,Papua New Guinea,Paraguay,Peru,Philippines,Poland,Portugal,Qatar,Romania,Russia,Rwanda,Samoa,Saudi Arabia,Senegal,Serbia,Seychelles,Sierra Leone,Singapore,Slovak Republic,Slovenia,Solomon Islands,Somalia,South Africa,South Korea,South Sudan,Spain,Sri Lanka,St. Kitts and Nevis,St. Vincent and the Grenadines,Sudan,Suriname,Swaziland,Sweden,Switzerland,Syria,Tajikistan,Tanzania,Thailand,Timor-Leste,Togo,Tonga,Tunisia,Turkey,Turkmenistan,Uganda,Ukraine,United Arab Emirates,United Kingdom,United States,Uruguay,Uzbekistan,Vanuatu,Venezuela,Vietnam,Yemen,Zambia,Zimbabwe
1960,4.13,,39,,,7.6,,13,23.2,,,,10,,,37.8,,6.12,,13.3,,26.3,7.06,,,4.86,12.5,13.9,,17,,23.3,13.4,13.1,4.31,15.7,,18.9,20.5,21.4,34.2,,,,,32.3,,,25.6,16.9,,,,,,,38.1,21.1,14.4,34.2,,,,28.2,8.51,,12.6,,,48.7,,21.4,,41.3,4.51,11.5,13.8,,29.5,11.9,12.5,33.2,10.7,,,31.1,,,,,,,11.7,45.8,,,88.7,,10,22.1,64.5,,,,,15.3,,8.51,,,,,23.6,,,,,,48.9,,23.7,7.1,9.24,36.3,,,,,45.8,,,20.2,11.9,,14.3,,,,12.4,,,16.8,,,,163,,,,12.7,29.6,2.62,,8.37,30,,,14.6,54.8,48.3,23,27.8,21.4,,,16.1,,31.1,,,2.06,,27.3,,,20.2,4.97,13.8,,,27.1,,,,
1961,4.45,,46.2,,,5.99,,12.4,23,,,,10.8,,,39,,4.58,,13.6,,27.2,7.28,,,5.43,12.9,12.9,,17.8,,26.5,13.9,11.4,3.87,13,,9.86,19.5,21.8,35.3,,,,,30,,,23.3,16.5,,,,,,,30.7,20,13.9,31.2,,,,26.1,8.65,,12,,,52.1,,22.3,,41.4,4.35,11.1,13.7,,32.1,11.5,12.8,33.3,9.28,,,32.7,,,,,,,12.5,34.6,,,89,,14.6,20.6,58.7,,,,,14.3,,8.41,,,,,21.8,,,,,,46.6,,23.4,8.12,9.19,35,,,,,47.2,16.1,,20.8,12.6,,13.5,,,,11.5,,,21.2,,,,142,,,,16,29.3,4.04,,7.97,27.5,,,13.3,50.3,42,22.3,27.2,17.6,,,17.3,,39.2,,,5.12,,24.4,,,19.9,4.9,14.2,,,28.7,,,,
1962,4.88,,19.8,,,4.69,,13.9,23.4,,,,10.7,,,40.6,,3.52,,12.5,,27.9,3.87,,,5.53,13.1,13.9,,17.8,,24.6,14,11.4,4.05,12.2,,7.75,30.5,23.6,34.4,,,,,28.6,,,23.9,17.9,,,68.1,,,,35.7,19.9,12.8,31.7,,,,24.2,9.06,,11.8,,,56.6,,22.5,,45,4.21,5.17,14.5,,29.9,17.8,12.7,33,9.43,,,32,,,,,,,14.4,36.6,,,81.8,,13.8,21.4,56.1,,,,,14.5,,8.57,,,,,18,,,,,,45.9,,26.4,9.28,8.27,33.8,,,,,53.2,16.2,,20,16.9,,15.3,,,,9.28,,,20.3,,,,138,,,,12.8,29.4,3.87,,8.3,27.8,,,14.6,48,47.9,21.9,26.9,20.9,,,15.7,,35,,,5.6,,24.1,,,19.4,4.81,11.3,,,29.2,,,,
1963,9.17,,24.7,,,7.89,,13,23.4,,,,9.98,,,41.7,,3.82,,13.9,,29,9.04,,,5.58,7.52,17.3,,18.3,,25.2,12.9,12.3,4.01,12,,31.8,36.5,22.9,33.9,,,,,30.4,,,20.7,16.2,,,62.8,,,,51.1,19.1,12.6,47.1,,,,21.2,9.35,,14.3,,,62.9,,22.1,,41.2,4.33,9.07,15.3,,31.1,18.6,12.2,34.2,9.04,,,32,,,,,,,14.9,38.7,,,79.5,,12.8,21.9,45.9,,,,,25.2,,8.32,,,,,17.9,,,,,,46,,28.8,9.31,8.78,34.5,,,,,52.7,17.4,,18.4,18.6,,15.9,,,,5.94,,,17.6,,,,141,,,,15.9,28.6,3.95,,7.71,25.8,,,16.7,49.4,59.2,21.9,26.6,19.4,,,15.1,,25.4,,,4.18,,28.3,,,19.3,4.87,12,,,28.9,,,,
1964,8.89,,25.1,,,5.56,,14.9,23.4,,,,10,,,42.5,,5.14,,16.4,,28.8,6.39,,,2.8,14.1,15,,19.2,,28.4,13.7,12.2,3.77,11.9,,33.5,38.2,25.3,35.9,,,,,29.9,,,19.7,15.7,,,62.6,,,,55.9,19,12.6,41.9,,,,19.9,8.54,,15.4,,,57.1,,22.5,,37.1,3.76,12.3,16.4,,31,17.7,12.8,33.5,9.49,,,33.4,,,,,,,15.4,61.9,,,80.6,,13.3,19.5,44.3,,,,,43.5,,7.63,,,,,19.5,,,,,,44.6,,28.9,9.27,9.2,36,,,,,52.5,18.3,,18.5,18.2,,21.4,,,,12,,,17.5,,,29.1,122,,,,16,27.4,4.96,,8.81,24.6,,,15.5,46.9,53.9,22.3,26.6,16.7,,,17.4,,35.1,,,4.47,,29.9,,,18.7,5.1,11.9,,,26.8,,,,
1965,11.3,,22.6,,,6.23,,13.2,23.8,,,,9.66,,,42,,7.27,,16.7,,31.7,7.74,,,4.65,10.3,11.5,23.8,18.5,,27.1,13.5,13.3,3.64,11.4,,25.9,36,23.5,36.8,,,,,29.3,,,16.3,8.98,17.5,26.4,42.1,,,,46.3,19,13.2,43.2,,,,17.1,8.36,,16.8,,,55.3,,27.3,,36.2,3.34,5.28,16.2,,32.3,18.9,14.3,33.3,10.5,,,31.4,,67.7,,,,,15.6,62.9,,,83,,13.2,19.5,45.1,,,,,42.2,,7.63,,,,,18.2,,,,,7.77,42.8,,29.3,9.48,10.9,35.7,,,,,54.4,18,,15.7,19.4,,22.4,,,,12.1,,,17.5,,,28.9,123,,,,17.2,25.7,7.13,,8.19,25.9,,,14.2,49.7,65.9,21.9,27.5,17,,,16.9,,32,,19,4.56,,25.6,,,18.5,4.99,18.4,,,25.8,,,,
1966,8.57,,26,,,6.65,,12.9,23.7,,,,10.3,,,43.7,,6.85,,16.9,,29.3,6.82,,,5.05,10.8,7.81,21,19.3,,28.4,13.9,14.3,3.49,12.1,,31.1,29.9,25.1,36.4,,,,,28.6,,,16.3,10.5,16.9,24.7,43.8,,,,43.4,18.7,13.3,39.7,36.2,,,14.6,10.5,,18.9,,,55,,28.6,,32.8,4.19,12.8,16.3,,34.5,19.9,14.7,37.5,10.6,,,32.4,,65.7,,,,,10.9,68,,,79.5,,17.3,21.5,43.4,,,,,43,,7.47,,,,,19,,,,,5.64,41.7,,27.1,12.5,10.4,35.8,,,,,55.8,16.8,,15.6,20.4,,22.7,,,,11.3,,,18.6,,,27.8,123,,,,15,25.3,8.44,,8.89,22.4,,,14.3,59.1,73.2,21.4,28.1,17.7,,,17.6,,38.9,,21,4.09,,25.6,,,18.8,5.02,17.1,,,24.3,,,,
1967,6.77,,23.4,,,7.5,,12.9,23.7,,,,9.31,,,42.7,,7.67,,18.6,,24.6,5.77,,,4.93,10.8,8.9,20.6,20.3,,26.3,14.4,14,3.28,12,,15.6,30.5,25.4,36.2,,,,,27.3,,,18.1,10.1,14.6,25.6,42.4,,,,44.6,18.5,13.1,48.1,40.5,,,17.4,9.94,,16.2,,,57.4,,28.5,,28.1,4.08,8.78,17.3,,35.1,23.7,14.5,36,9.65,,,28.5,,59.5,,,,,12,78.7,,,80.8,,17.5,24.1,41.2,,11.4,,,41.6,,6.87,,,,,17.9,,,,,6.87,40.5,,26.5,8.43,11.1,36.8,33.8,9.17,,,56.4,17.4,,15.4,20,,22.8,,,,10.5,,,17.1,,,27.1,114,,,,13.7,24.6,9.12,,8.55,20.5,,,15.1,59,73.6,21.1,27.9,15.8,,,18.2,,37.9,,21.2,4.11,,25.3,,,18.5,5.05,14.6,,,24.3,,,,
1968,8.9,,23.1,,,6.48,,12.3,24.3,,,,8.33,,,44.9,,9.33,,22.2,,23.1,6,,,6.2,10.3,8.58,22.1,21.2,,34.3,14.9,13.7,3.3,13,,14.5,30.4,28.4,40.7,,,,,27.7,,,18.5,11,13.2,25.3,29.6,,,,47.4,21.3,13.2,48.4,40,,,20.4,8.94,,16.7,,,58.2,,30.4,,31.6,4.08,10.9,17.5,,36,29.8,15.2,36.8,10.1,,,29.4,,61.7,,,,,12.1,84.3,,,82.8,,17.8,23.8,43.4,,10.2,,,38,,7.04,,,,,18.5,,,,,6.85,40.9,,26.7,7.98,9.93,37.9,70.1,9.16,,,57.3,18.9,,18.1,16.9,,21,,,,8.74,,47.7,19.7,,,23.7,126,,,,14.9,25.2,10.1,,10.6,20.6,,,15.1,57.7,75.6,21.6,29.5,17.4,,,16.9,,42,,20.9,3.68,,23.9,,,20.7,5.08,15.2,,,22.4,,,,
1969,10.1,,23.8,,,6.4,,12,26.8,,,,8.15,,,48.8,,11.8,,23.6,,22.8,6.62,,,5.82,9.66,6.95,23.4,21.2,,27.3,13.2,16.1,3.05,13.2,,13.2,32.1,27.1,36.8,,,,,27.6,,,18.5,8.5,14.2,23.2,36.1,,,,49.5,22.7,14,54.7,40.4,,,19.7,9.06,,17.8,,,59.2,,28,,43.2,3.75,9.01,18,,34.6,29.2,15.8,36.8,10.6,,,29.5,,63.5,,,,,13.6,89.2,,,86.7,,18.1,23.5,47.4,,11.2,,,38.8,,7.55,,,,,18.4,,,,,7.01,42.5,,24.4,9.36,11.4,37.1,74.6,8.66,,,57.4,18.9,,17.5,14.7,,20.5,,,,7.68,,48.2,21.4,,,27.6,132,,,,16,23,10.6,,11.3,18.4,,,15.7,62,64.9,22.8,31.3,17.1,,,16.1,,45.9,,22.1,3.6,,21.5,,,21.5,5.09,13.4,,,21.3,,,,
1970,9.78,,22.1,,,5.6,,13,27.4,,,,8.31,,,44.5,,15.2,,24.6,,24.7,7.03,,,5.46,10.7,5.76,26.2,21.9,,31.9,16.3,14.4,2.49,14.3,,15.5,34.7,28.2,35.8,,32.6,,,27.2,,,17.2,9.44,14.2,24.8,35.7,,,,48.4,23.9,16,49.7,37.8,,15.2,21.3,7.88,,18.6,,4,56.5,,27.9,,45,3.82,12.8,18.5,37.3,33.1,21.7,15.2,33.2,10.4,,,29.8,,59.8,,,,,12.2,74.3,,,88.1,,19.2,24.2,45.8,,12.5,44.2,,40.8,,7.75,,,,,17.6,,,,,4.9,43.4,21.7,26.7,10.8,8.41,36.5,73.7,7.77,,,55.8,18.5,,17.4,21.6,,19.1,,,,11.5,,50.8,23.5,,,31,126,,,,11.5,21.2,11.4,,12.2,25.5,,,16.3,60.3,69.9,22.6,,17.9,,,15,,49.6,,22,4.43,,23.4,,,21.4,5.55,13.9,,,20.9,,,,
1971,10.9,,18.4,,,6.01,,12.7,27,,,,6.29,,,43.3,,17.8,,21.4,,33.1,6.41,,,5.51,8.44,,23,21.1,,29.8,15.9,10.8,2.79,12.8,,12.1,32.6,27.3,32.2,,32.6,,,26.8,,,16.5,10.6,13.8,24.6,46.5,,,,49.8,22.6,16.5,66.3,32.4,,14.6,15.8,8.16,,17.3,,4.16,58.4,,29.7,,37.4,3.71,14.4,23.1,43.7,32.3,23.8,15.6,33.8,11.2,,,28.6,,66.3,,,,,12.8,73.7,,,87.3,,14.4,23.5,40.7,,13.4,45.5,,40.2,,7.64,,,,,17,,,,,5.4,43.7,22.1,26.3,12.4,10.8,34.8,65.8,7.14,,,54.3,21.4,,13.8,20.5,,19.6,,,,10.2,,54,22.4,,,31.3,120,,,,13.3,21.3,12.7,,13.1,24.6,,,15.6,63.6,67.8,22.8,,17.7,,,16,,46.8,,24.1,5.32,,19.8,,,21.4,5.39,10.3,,,22.4,,,,
1972,14.8,,20.4,,,7.2,,12.8,26.9,,,,5.67,,,43.7,,14.4,,21.1,,37.4,7.26,,,6.4,11.7,,20.4,21.3,,24.9,14.6,9.56,3.25,14.2,,11.3,28.3,30.7,33.5,,32.6,,,26.4,,,20.7,12.4,13.3,29.1,34.8,,,,45.9,23.6,16.6,73.1,33.8,,14.6,20.7,9.13,,18.9,,4.36,57.5,,29.3,,35,4.07,16.5,22.9,36.9,30.9,24.4,16.4,32.8,10.1,,,26.6,44.1,68.6,,,,,16.1,74.7,,,82.1,,14.3,23.3,36.2,,10,46.5,,48.2,,8.06,,,,,18.6,,,,,5.66,43.7,23.8,35.3,14.2,11,35,59.4,11.8,,,53.5,31.2,,13.7,19.7,,21.3,,,,8.28,,61.6,26.5,,,27.8,107,,,,15.7,24.6,16.6,,13.4,22.3,,,16,60.9,67,22.7,,18.5,,,18.2,,39.3,,25.3,6.02,,19.4,,,20.2,5.52,15.4,,,20.4,,,,
1973,12.9,,25.5,,,7.61,,14.2,26.9,,,,6.54,,,47.5,,15.7,,27.7,,38.8,8.27,,,6.31,11,,20.7,22.8,,28.6,15.7,13.3,4.24,15.2,,13.4,31.6,31.1,35.8,,32.6,,,28,,,21.9,17.9,14,30,38.3,,,,45.3,23.6,17.5,58.8,35.1,,15.4,21.5,11.6,,20.9,,6.06,52.2,,32.2,,35.6,4.25,20.1,33.4,46.3,34,23.6,16.2,31.5,9.62,,,27.4,52.6,71.9,,,,,14.3,85.3,,,88.5,,14.2,27.6,41.7,,10.2,57.9,,46.8,,8.41,,,,,20.8,,,,,6.61,45.7,23.6,28.2,15.5,15.9,37.4,67.8,13.5,,,53.6,44.9,,13.3,24.8,,20.9,,,,11.6,,99.7,24.6,,,24.6,118,,,,13.9,24.6,23.9,,13.4,24.3,,,14.8,60.1,70.4,25.7,,22.5,,,18.6,,33.1,,26.1,7.03,,16.6,,,22,6.67,10.4,,,25.1,,,,
1974,14,,38.7,,,6.9,,13.2,29.1,,,,3.7,,,52.3,,14.3,,35.3,,40.9,8.01,90.1,,8.32,9.75,,25.4,24.1,,27.7,18.4,19.5,4.93,14.6,,16.2,53.2,33.5,45.7,,32.6,,,30.7,,,24.9,22.7,20.5,32.4,42.3,,,,49.1,25.7,20.6,57.5,39,,18.3,18.3,14.2,,22.4,,5.02,68.3,,32.1,,31.4,4.88,29,47.4,61,38.1,22.8,18.6,35.7,13,,,33.7,69.4,85,,,,,13.7,83.6,,,102,,15.5,28,48.5,,12.7,74.6,,48.3,,8.41,,,,,27.6,,,,,5.45,50.7,20.4,29.1,12.3,25.2,39.9,73.7,13.7,,,67.6,46.9,,14.1,25,,21,,,,12.2,,62.9,36.9,,,24.1,150,,,,17.5,27.2,22.3,,13.2,26.4,,,12.7,74.9,81.5,30.2,,24.6,,,21.6,,66,,35.4,5.73,,14.7,,,26.3,8.18,14.4,,,38.7,,,,
1975,12.7,,33.7,,,5.82,,14.3,28.1,,,,2.9,,,45.4,,14.5,,25.9,,43.6,7.54,90.1,,7.35,8.28,,22.7,22,,21.1,14.4,24.1,4.7,15.8,,9.96,35.9,30.1,36.7,,32.6,35.5,,29.4,,,27.7,16.1,20.2,33,43,,,,43,22.1,18.8,49.5,44.7,,17.2,19.4,14.1,,21.7,,5.18,74.9,,30.7,,33.3,5.71,22.5,40.7,52.3,38.2,24.1,18.8,35.3,12.3,,,29.8,67.6,80.5,,,,,14.5,69.9,,,91.6,,15.9,29.1,45.8,,9.66,73.7,,38.4,,6.89,,,,,22.5,,,,,8.9,47.8,22.9,28,19.2,18.3,36.1,67.6,10.9,,,69,40,,10.6,21,,16,,,,9.17,,73.3,31.4,,,25.1,137,,,,12.5,26.8,22.7,,12.4,27.5,,,12.1,63.2,72.9,26.4,,21.9,,,18.4,,43.4,41.3,31,4.42,,8.65,,,24.9,8.21,16.8,,,28.8,,,,22.8
1976,13.2,,33.1,,,9.18,,13.5,28.8,,,,4.75,,,48,,13,,27.7,,50.4,7.04,93.7,,8.21,13.7,,22.6,21.8,,22.2,16.1,23.9,4.51,17.1,,12.2,40.4,28.9,41.7,,32.6,49.7,,28.2,,,20.9,16,22.3,35.5,47,,,,37.7,23.5,19.3,45.6,41.1,,18.1,15.7,14,,21.6,,5.27,66.1,,33.7,,34.5,6.76,22.2,37.2,57.4,41.4,27.7,20.1,29,13,32.4,,32.5,56.4,77.9,,,,,17.9,78.3,,,87.3,,15.2,30.4,52.1,,11,75.4,,37.9,50.6,8.49,,,,,17.9,,,,,10.8,48.9,26.7,33,22.3,18.2,36,62.3,10.7,,,62.8,41.8,,11.7,19.3,,13.7,,,,14.6,,59.7,31.3,,17.6,21.5,149,,,,10,26.9,25.6,,12.6,29,,,11.2,61.1,75.7,25.9,,20,,,20.2,,47.3,26.9,29.1,4.86,,11.4,,,27.4,7.96,19.6,,,25.8,,,,22
1977,11.7,,30.6,,40.7,9.62,,14,28,,82.7,,7.04,,,47,,16.2,,26.8,,50.9,7.25,94.6,,7.96,17.6,,25.1,22.8,,25.2,15.4,19.7,4.3,16.9,,10.3,45.6,30.9,42.6,,32.6,47.8,,28.4,,41.2,20,16.3,22.5,38.2,47,,,,43.9,26.8,20.2,51.6,36.7,,18,10.5,14,37.8,24.5,,9.3,63.2,,34.8,,32.9,6.45,23.5,30.8,56.2,44.2,32.1,21.4,29.8,12.6,33.1,,35,55.8,72,,,,,11.9,68.2,,,86.1,,16.4,30,50.4,,12.8,76.9,,32.8,48.6,10.3,,,,,16.9,,,,,11.8,46.3,26.1,32.1,19.6,24.9,34.3,58.3,9.28,,,65.3,45,,15.5,21.1,,14.4,,,,14.3,,57.4,37.4,,17.2,19.7,163,,,,20.3,29.3,26,,13.3,33.8,42.7,32,9.38,55.1,65.4,25.7,,18.6,,,20,,41.5,33.9,29.6,3.82,,9.15,,,29.1,7.64,19.9,,,23.2,,,,21.4
1978,10.8,,25.5,,52.5,8.61,,13.6,29.1,,82.7,,5.56,,,45.3,,16.5,,22.6,,52.1,6.68,95,,7.47,11.7,,23.7,24.6,,23.4,16.4,19.8,4.56,16.6,,12.3,43.7,28.2,36.5,,32.6,42.3,,27.4,,42.7,17.3,14.7,21.7,30.3,,,,,42.7,27.8,20.2,61.8,33.7,,17.7,8.36,13.7,38.5,21.5,,7.73,63.1,,36.2,,36.5,6.38,21.9,23.5,56.7,44.6,38.4,21.7,40.6,10.7,33.5,,28.9,54.9,70.5,,,,,17.3,69.7,,,83,,17.2,23.2,49.2,,11.6,73.6,,33.4,43,10.5,,,,,16.4,,,,,10.6,44.2,26.5,34.4,22.5,19.6,36,58.3,9.24,,,59,41.9,,20.2,20.7,,15.8,,,,14.8,,49.3,26.1,,17.7,19.8,165,,,,25.8,31.4,24.9,,13.9,34.8,44.2,45,7.92,55.3,62.9,26.5,,15.2,,,19.9,,64,28.8,31,4.15,,13.7,,,27.4,7.93,18.8,,,20.4,,,,22
1979,,,31.1,,69.2,6.51,,14.3,30.9,,68.9,,6.11,,,49.4,,17.5,,24.2,,54.1,7.12,95.1,,8.25,14.2,,21.1,26.4,,22.4,17.8,22.1,5.16,15.2,,12.6,47.4,26.9,34.6,,32.6,44.7,,29.2,,28,20.6,17.9,29.7,37,,,,,45.3,29.6,20.7,58.5,35,,17.9,11.2,15.2,39.4,21.3,,7.27,59.8,,37.7,,37.9,6.82,30.1,26.7,62.5,44.5,35.4,22.5,49.8,11.1,34.7,,25.8,61.3,78,,,,,22.1,68,,,90.1,,14.6,23.2,56.2,,12,79.4,,33.2,42.5,11.2,,,,,17,,,,,11.8,48.2,28.8,42,28.5,24.8,39.3,61.1,10.7,,,58.9,45.5,,27,21.6,,21.2,,,,21,,54.9,27.5,,17.2,19.9,185,,,,24.3,34.2,23.5,,13.8,33.7,40.9,39.8,9.96,58.6,62.9,28.5,,19.6,,,22.6,,50,26.1,39,3.22,,19.4,,,26.8,8.74,16.8,,,26,,,,21.8
1980,,23.1,34.3,,56.4,5.06,,16.4,31.7,,70.4,124,5.49,,,49.6,55.4,15.8,13.6,24.5,,53.1,9.05,93.4,35.7,8.95,8.81,,27.9,27.6,17.1,25.2,16.9,21.7,5.91,16.2,8.7,16.5,60,26.5,35,,32.8,45.3,,32.5,,22,19.2,17.1,30.5,34.2,50.7,,,,47.8,30.8,21,64.7,42.7,,18.7,8.47,19.3,35.7,22.2,,12.7,81.3,,37.2,,35.5,6.2,30.5,13.7,63.5,44.3,37.2,20.2,51.1,13.1,40.4,,29.5,47.7,78.3,,,,,21,71.8,,,87.7,,13.3,24.8,57.7,154,14.8,80.9,,36.8,51,10.7,,,,,19.3,10.9,,70,,11.5,50.8,28.9,24.2,24.6,29.4,42.8,62.7,12.5,,,65,43.2,,25.5,23.6,,21.5,,,,14.4,,63.5,23.9,,14.4,22.9,202,,,,33.2,34.3,28.5,,14.4,32.2,47.4,40.2,10.6,68.8,74.6,28,47.2,18.6,,,24.1,,51.1,30.1,40.2,5.16,,19.4,,,26.1,9.81,15,,33.2,28.8,,,,23.4
1981,,23,34.6,,61.6,6.92,,14.9,33,,67.4,131,5.13,,,53.5,53.4,15.9,15.4,23.3,,49.7,9.42,93.1,35.6,9.28,9.14,,21.9,26.4,21.5,24.4,15.1,15.5,7.45,11.9,11.8,14.1,58,43.3,35.2,,32.6,50.3,,36.1,,34.6,20.8,14.6,33.4,26.7,66,,,,43,31.3,22,63.4,44,,20.2,4.76,21.4,34,17.1,,11.2,68.9,,31.6,,34.6,6,27.6,12.4,31.6,43.3,36,21.7,47.2,14.1,43.6,,30.5,30.6,69.5,,,,,19.3,69.5,,,85.9,,11.5,25.7,52.5,166,13.3,72.5,,45.1,44.5,10.4,,,23.9,,22.7,9.95,,56.2,,12.9,55.3,28.2,22.3,24.2,22.2,42.8,64.7,12.3,,,62.3,38.2,,18.6,23.8,,20.3,,,,9.83,,62.8,31.7,,11.1,23,198,,,36.9,24.8,27.5,30,,16.4,30.5,43.2,42.1,9.62,58.7,75.2,28.7,49.2,16,,,23.8,,46.2,25.4,41.4,8.24,,16.1,,,25.4,9.51,15.2,,38.4,26.8,,,,19.4
1982,,19.4,30.9,,56.9,9.09,,13.5,31.7,,65.8,119,5.08,,,57.5,48,17.8,13.7,29.1,,54.6,7.61,89.3,34.3,8.2,10.2,,33.2,25.2,22.9,22.2,6.56,18.6,11,10.9,15.7,12.1,55.3,45.1,36.4,,32.6,50.9,,35.9,,41.2,14.3,14.7,27,22.8,50.7,,,,43.2,28.9,21.4,61.6,44.3,,20.9,3.34,17.2,30.5,14.8,,7.84,52.8,,26.7,,32.2,6.05,22.4,17.1,26.4,43,31,21.2,38,13.9,40.6,,26.7,26.7,54.5,,,,,,62.4,,,88.2,,11.2,22.5,51,160,14.3,61.6,,40.1,47,15.3,,,26.3,,21.6,8.31,,52.1,,11.6,55.3,27.5,16,21,17.8,41,58.5,9.95,,,56.8,36.8,,18.8,20.3,,20.7,,,,11.6,,50.7,29.2,,10.3,15.8,185,,,36.2,26,25.6,27.4,,17.1,27.4,35.4,44.3,9.94,51.8,66.4,31,45.1,14.2,,,22.9,,50.1,27.6,36.9,11.9,,8.38,,,25.1,8.47,14.3,,42.8,22.2,,,,16.9
1983,,18.2,27.9,,51.6,9.15,,13.6,30.5,,66.6,96.7,5.6,,,59.8,49.1,13.8,12.1,28.3,,62.1,11.4,88.3,37.1,7.88,9.05,,30.4,25,24.6,24.1,16.4,23.4,9.52,10.4,19.8,16.2,57.9,29.9,37,,32.5,50.4,,35.9,,41.1,14.4,15.6,25.5,24.5,55.4,,,,43.6,28.7,22.4,61.3,50.5,,20.3,5.56,16.5,29.6,13,,6.01,45.9,,26.2,,39.7,5.9,27.7,14.5,24.6,46.9,28.5,20.4,35.7,13.3,35.8,,25.9,27.7,59.1,,,,,,59.1,,,89.4,,10.6,20.8,51,133,15.9,59.8,,45.7,46.4,19,3.38,,26.6,,22.8,6.12,,44.8,,10.2,55,28.2,19.4,20.8,14.5,41.3,53.7,11.9,,,47.1,36.2,,21.7,21.3,,24.5,,,,11.6,,38.5,35.2,,13.8,11.1,167,,,38.5,23.6,24,28,,19.2,26.3,34.3,47.2,10.6,43.9,62.1,34,43.8,13.5,,,20.1,,45.5,18.7,34.4,12.5,,8.66,,,25.2,7.61,25.7,,54.2,19.5,,,,16.4
1984,,17.4,25.7,,62.2,7.59,,13.6,32.8,,63.6,96.5,3.4,,,63.7,62.4,19.6,12.9,23.7,,60.8,13.5,,40.1,11,11.5,,33.5,28,22.8,23.4,18,22.8,9.53,11.9,9.02,26,61.6,29,45.3,,32.3,54.7,,36.3,,35.6,28.2,17.4,22.4,21.8,53.3,,,,42.8,29.5,23.8,59.1,51.1,,21.8,8.04,16.8,28.7,13,,13.4,44.2,,25.7,,38,6.35,27.3,11.3,25.7,53.2,33,21.1,55.6,14.4,39.1,,26.7,40.8,60.1,,2.76,,,,55.5,,,100,,13.3,28.4,54.4,77.2,19.1,62.4,,45.6,48.5,17.4,,,29.2,,25.6,4.15,,45.2,,10.7,58.8,31.5,16.4,22.9,15.7,42.3,50.3,11.1,,,44.5,39.4,,21.8,24,,29.2,,,,12.6,,34.5,34,,17,10.6,157,,,38.1,14.6,24.7,29.4,,21.4,28.8,40.2,52.9,8.46,43.4,55.5,34.7,48.1,12.7,,,21.9,,51.2,26.6,33,15.6,,12.7,,,27,7.48,26.6,,57.7,26.8,,,,20.6
1985,,16.2,23.6,44.2,63,11.7,,15.3,34.9,,64.8,102,5.38,,,61.8,48.5,23.7,15,19,,66.3,12.2,,42.8,9.92,11,,33.4,27.6,22.6,22,11.9,26.3,8.34,13.8,17,27.5,56.8,27.1,46.8,,33.7,48.7,,36.4,,36.5,28.2,19.7,19.9,22.3,39.8,,,,44.4,28,23.3,62.6,43.9,,23,10.7,16.1,32.9,11.9,,9.76,48.1,,25.1,,40.3,5.31,23.8,8.88,25.1,54,37.1,21.2,55.9,13.9,39.7,,25.3,29.7,53.7,,4.04,,,,54.9,,,107,,12.2,24.2,55.1,71.6,17,64.5,,59.9,53.3,15.4,,,26.7,,25.5,2.86,,51.4,,11.5,60.3,29,14.8,20.7,17.4,42,49.8,10.4,,,45.4,42.1,,26.1,24,,29.2,,,,10.8,,30.1,27.8,,16.6,14.8,152,,,33.2,6.33,30.4,27.3,,21,26,40.7,56.6,5.75,36.7,56.7,33.6,48.6,12.6,,,23.2,,48.4,30.1,32.1,15.9,,13.7,,,27.3,6.98,26.8,,48.7,24.1,,,,22.2
1986,,15.1,12.9,47.3,70.9,8.16,,15,32,,63.8,98.7,5.18,,,56.7,55.5,16.7,17.6,21.3,,68.3,8.82,,40,8.99,11.7,,23.3,27,17.6,18.2,13.4,27.3,8.71,18.8,16.4,24.7,39.8,27,39.5,,31.7,45,,32.3,,53.3,24.4,15.6,15.7,24.7,47.4,,,,41.7,25.6,20.4,35.2,46.6,,21.3,16.6,17.7,40.5,16.1,31.1,5.24,46.3,,26.6,,38.6,5.25,20.5,3.73,16.5,49,32.8,18.8,48.8,10.9,28.3,,25.8,32,46.2,,3.61,,,,55.2,,,98.3,,12.1,22.9,56.5,68.1,14.5,64.3,,56.2,60.2,17.3,,,30.2,,21.9,2.52,,56.3,,11.7,51.1,26.6,12.8,20,13.3,33.6,39.2,11.9,,,47.1,43.6,,16.4,26.3,,26,,,,12.6,,26.7,24.6,,8.85,11.9,149,,,36.7,6.96,29.6,32.5,,18.3,23.7,46.2,57.7,4.74,32.6,68.8,31.4,44.7,11.5,,,25.6,,44,25.7,30.2,13.3,,12.8,,,24.3,6.99,26.2,,34.8,19.8,6.62,,,24
1987,,15.5,14.3,41.3,67.3,7.87,,15.5,31.4,,61.3,102,4.99,,,55.3,60.5,15.3,23.5,19.6,,75.1,9.46,,40.8,11.4,9.74,,16.7,26,18.1,17.8,15.4,28.3,12.5,17,15.2,26,41.7,26.7,33.4,,32.9,47.3,,31.7,,53.2,25.6,15.4,12.6,19,47.9,,,,45.3,25,19.6,42.7,49.4,41.5,20.7,19.7,18.1,37.1,15.8,31.6,11.4,79.6,,23,,34.3,5.66,24.6,9.16,23.2,52.4,32.4,18,46.6,9.94,33.1,,21.3,29.3,52.5,,6.09,,,,,,,95.6,,16.6,25.5,62.9,78.7,15.6,69.6,,49.1,64.3,19.5,,,30.8,,22.5,6.64,,46.3,,11.8,49.8,26.1,11.8,20.8,26.9,31.8,48.9,13.2,,,47.4,43.2,,12.7,26.6,,27.3,,,,7.45,,30.9,21.2,,8.89,32,164,,,33.4,6.69,29.3,34.9,,17.8,25.2,49.1,51.9,5.52,31.1,81.8,31,41.8,16,,,28.9,,41.4,30.9,34.8,15.6,,8.25,,,23.9,7.47,21.6,,35.8,21.4,6,,,24
1988,,16.4,15.5,38.1,66.6,9.53,,16,33.1,,,95.3,5.43,,,58.8,62,13.8,28.1,18.8,,70.5,10.9,,45.6,11,12.6,,16,26.1,16.7,17.7,15,32.5,14.4,16.3,18,25.5,40.6,29.3,30.5,,32,48.1,,33.6,,54.6,33,19,17.3,15.8,51.5,,,,54.3,23.9,20.4,36.7,50.4,42.2,21.1,18.2,16.3,36.5,16.1,26.9,12.4,63.6,,26.3,,31.8,6.1,25,7.29,19.7,55.5,29.2,17.6,43.6,9.57,43.4,,22.4,22.8,47.6,,13.6,,,,,,,97.1,,16.3,23.3,66.4,75.9,14.6,70.4,,50.3,64.5,19.9,,,28.4,,25,8.07,,46,,11.4,52.1,26,18,18.3,22.9,32.5,40,13.6,,,49.8,43.3,,15.1,28.4,,27.6,,,,6.62,,31.3,22.3,,11.2,28.7,185,,,32,4.82,28.2,33,,17.4,26.1,45.3,62,3.8,29.3,76.9,30.7,43.1,17.1,35.2,,33,,43.7,22.7,42,18.7,,7.57,,,21.5,8.46,22.1,,35.5,20.6,3.95,,,23.7
1989,,17.9,18.6,32.8,66.3,13.1,,15.1,35,,53.8,98.6,5.54,,,62.9,59.7,13.5,28,22.5,,59.2,8.93,61.8,46.4,8.75,9.75,,20.7,25.1,19.2,20.3,13.8,33.7,11.8,18,14.9,25.5,48.5,30.3,32,,31.2,51.5,,35.4,,47.1,33.5,20.3,17.9,13.2,47.3,,,,62.7,23,21.7,45.8,55.1,42.4,22.4,16.7,15.9,31.9,17.3,31.1,8.89,66.3,,31,,33.5,7.09,26.1,9.83,22,58.9,31.4,18.6,43.6,10.1,56.1,,23,23.6,52.4,,12.1,,18.4,,,,,99.9,,18.4,18.8,71.4,79.2,15.8,72.1,,49.8,63.9,19,,,22.5,,22.6,8.22,,49.6,,11.1,55.4,26.2,32.5,16.6,44,37.3,,13.9,,,52.3,40.6,,11.3,28.1,,29.5,,,21.9,6.14,,33.7,24.5,,11.2,23.9,180,,,29,7.68,25.9,27.9,,16.7,27.3,42.8,53.6,5.34,37.7,84.1,30.5,45.6,24.8,35.9,,34.9,,39.7,25.1,44.3,16.2,,7.95,32.1,,21.9,8.91,23.5,,37.4,34.1,23.8,,,23.3
1990,,14.9,23.4,29.8,75.2,10.4,35,15.1,35.7,43.9,54.2,116,5.91,42.9,46,61,62.2,19.2,26.8,22.8,,55.1,8.2,61.8,33.1,11,7.87,,20.2,25.1,17.1,17.1,13.5,32.5,13.6,20.6,14.3,29.5,51.8,30.2,31.7,,30.2,51.5,33.1,36.4,,54.5,33.8,22.8,20,18.5,39,,,,62.3,22.1,21,46,59.9,40,22.9,16.9,14.8,33.5,21,31.1,9.94,62.7,,37.2,,33.6,7.13,27.3,13.3,7.7,54.6,29.7,18.3,48.1,10.2,59.8,,25.7,20.2,44.9,29.2,11.3,,18,,,39.7,,97.8,25.8,16.6,23.8,74.5,85.5,15.7,75.8,,45.6,65,18.6,,,18.3,,24.6,8.17,,43.3,,10.5,54.8,26.7,24.9,14.8,35.3,39.4,47.2,15.5,,,57.5,40.6,,15.7,27.5,25.9,29.2,,16.7,18.2,5.61,,40.3,25.4,,15.3,34.7,177,25,,30.1,9.79,23.5,25.3,,15.8,30.2,39.5,54.2,4.02,42,59,28.7,42.1,28.3,27.8,12.6,34.1,,33.5,33.9,43.6,13.4,,7.24,27.6,,22.6,9.23,23.5,28.8,47.1,39.5,36,12.2,,22.9
1991,,7.22,29.1,28.6,76.8,7.68,40.7,16.1,34.6,45.7,51,85,6.66,40.8,33.3,59.6,54.3,21,32.2,21.5,,53,8.68,66.7,43.5,10.4,9.92,,20,24.3,16.6,17.6,12,31.3,14.5,21.3,20,20,41.6,33.5,30,,21.9,47.1,38.6,37.7,,51.2,40.1,23.7,27.8,17.2,40.2,,,,57.3,21.3,21.3,47.3,29.4,27.6,23.7,17,14.2,32.4,18,30.3,9.98,106,10.3,34.5,28.7,31.3,8.58,28.4,13.8,1.29,55.5,25.5,17.1,50.2,9.79,57.4,,27,21.9,16.9,35.3,13,,13.2,,,33.8,,97.7,22.9,18.1,23.3,77.8,76.9,16.2,77.4,,34.7,62.3,16.4,,,54.1,,22.3,9.17,,43.8,,11.5,55.5,29.2,21.8,14.1,41.7,39.2,43.1,17,,,64.4,42.3,50.8,12.1,29.6,21.3,26.5,,17.6,13.3,7.32,,38.3,23.1,,13,31.2,169,43.7,,33.5,,21.1,24.2,,15.8,28.7,46.2,44.5,3.34,35,59.3,26.9,40.5,24.4,33.2,10.3,36,,33.4,22.9,40.4,13.8,39,7.46,26.1,,21.9,9.64,20.7,35.3,42.7,31.4,30.9,11,,23.9
1992,,11.5,25.3,47.4,81.6,6.6,39.8,16.7,33.2,86.2,50.2,84.4,7.59,41.5,59.8,58.2,49.7,23.2,32,20,,48.2,10.9,57.9,47.1,8.85,8.75,,20.5,26.2,17.3,16.9,11.1,29,15.7,17.7,18,16.4,40.7,35.4,31.9,,16.9,49.5,40,37,,52,36.8,24.1,28.4,16.1,44.2,11.4,,,51.9,25.5,21.3,46.1,30.6,35.7,22.3,17.2,14.9,32.1,18.1,24.9,4.9,128,7.57,32.2,27.6,30.3,8.94,30.3,13.2,0.582,58.3,26,17.5,62.3,9.69,50.2,74,26.3,21,40.5,35.6,17,,11.4,,,30.6,,96.7,54.3,16.4,23.2,76,78,15.6,81.8,,28.2,59.3,15.2,,,28.9,,22.2,10.6,,42.8,,16,53.7,31.2,17.3,16.8,37.5,37.1,44.7,17.4,,,66.4,47.8,49.8,12.5,29.1,21.4,24.5,,27.8,62.3,5.57,,39.1,22.3,,11.1,31.6,162,66.5,,33.9,,20.7,24.6,,16.3,31.8,49.2,49.6,5.25,28.7,57.3,26.7,41.4,26.3,9.68,12.4,37,,26.9,23.6,39.5,14.4,67.1,8.76,24,,22.2,9.68,20.4,27,45.6,26.4,34.7,10.4,,27.2
1993,,15.4,21.8,49.3,82.1,6.91,47.2,17.6,31.5,57.4,52,83.9,9.02,42.6,67.6,55.5,46.7,22.5,31.6,19.1,,47.1,10.5,54.8,38.2,8.95,9.38,16.1,13.9,29.1,13.3,17.1,13.3,25.9,16.7,16.4,20,11.3,42.8,36.2,29.4,,13.2,47.5,40.1,36.6,,48.6,36.4,20,25.8,19.4,53.2,30.6,,,52.4,31.4,20.8,48.8,28.2,46.9,20.4,20.3,14,35.6,17.7,26.5,8.87,117,10.8,34.7,23.2,32.8,9.94,26.8,25.4,0.0756,63.3,27.7,20.5,44.1,9.08,50.3,37.9,38.9,20.7,47.8,33.5,21.5,,9.67,,,28.2,,97,46.8,15.3,16.1,78.9,67.1,15.9,84.8,,32,58.2,12.3,,,59.3,,22.1,9.39,,47.1,,18.4,53,30.6,20.4,15.6,33.8,37.2,43.1,16.3,,,64.1,52.6,59.9,12.3,31.4,20.8,23.6,,23,38.2,5.18,,34.4,20.3,,10.8,24.3,162,55.1,,38.6,,21.8,24.1,,17.8,33.8,46.2,41.7,4.23,20.4,57.3,31.3,41.4,27.9,28.6,18,36.8,,24.4,19.9,40.4,13.7,84.7,7.06,25.9,,24.1,9.52,19.1,33.7,46,27,28.7,12.6,,30.7
1994,,11.4,22.5,,74,7.53,39.3,18,32.2,24.7,51,81.2,9,45.3,71.3,57.8,49.8,28.3,29.5,21.7,15.4,47.8,9.67,51.1,45,14.2,10.3,25.8,21.1,32.8,15,23.4,16.1,27.5,18.5,15,20.1,22.6,58.5,36.1,40.5,,13.2,47.7,37.3,36.9,,49.1,36.2,20.3,22.6,19.9,67,28,,,56.4,34,21.7,61.7,21.2,57.8,21.1,25.3,14.4,39,17.5,22.8,16.5,105,6.42,39.8,25.4,35.8,9.99,26.5,28.3,0.0356,67.9,27.8,21.9,55.6,9,47.9,37.1,37,19.4,50.9,33.8,25,,7.87,,,27,,100,38.2,22,29.6,89.2,77.7,19.4,86,,43.8,56.7,13.4,,,44.6,,20.9,12,,44.5,,19,55.1,30.9,13.1,16.5,24.3,37.3,43,16.3,,14.5,66,53.5,60.8,12.8,33.8,21.4,25.1,44.9,24.9,27.8,6.3,20.9,34,31.8,,10.4,29.5,166,58.2,,36.8,,21.5,24.2,,20.4,33.8,43.6,38.8,4.69,22.9,63.7,34.5,40.7,33.1,43,20.6,38.2,,30.5,17.4,44.9,21.4,85,8.74,35.4,,25.3,9.86,19.8,16.8,45.3,30.9,34,12.5,33,34.6
1995,,12.5,26.2,,69.6,9.68,23.9,17.9,33.5,27.9,49.5,82,10.9,45.9,49.7,59.5,48,27.4,37.8,22.6,20.4,50.8,7.53,59.7,51.9,14.1,12.9,31.2,20.6,36.1,17.1,22.2,21.9,28.6,18,14.5,19.8,28.5,64.7,38.3,41.8,27.6,13.4,66.8,40.4,36.6,,49.8,35.2,21.3,22.5,21.6,68.5,22.4,67.8,,59.3,35.8,22.6,59.4,23.8,25.5,22,24.5,14.4,36.2,19.3,21.1,11.7,101,9.13,43.7,39.1,35.5,11,26.3,21.7,0.00538,73.4,27.5,24.7,51.3,8.97,51.7,39,32.6,20.2,52.4,29.5,23.2,34.6,10.8,,,29.2,37.1,102,33,24.1,30.4,94.1,,19.6,122,,52.3,58.7,24.1,,49.3,40.5,,22.7,13.2,,45.1,,25,57.6,29.4,16.1,17.7,35.8,37.2,44,16.7,,17.1,66.8,61,61.8,12.6,36.4,23,26.8,44.3,25.5,29.3,5.15,30.8,37.3,30.9,8.11,10.5,18.6,181,56.7,45.6,36.2,,22.1,25.9,,21.9,35.6,39.5,43.1,4.97,22.9,60,38,40.7,31,65.6,24.1,41.5,,32.4,17.5,44.9,19.9,84,11.8,47.1,,25.2,10.6,19,36.7,44.6,27.1,32.8,22.4,32.9,38.2
1996,,11.2,29.8,,63.5,10.4,23.2,18.9,34.2,29.5,48,87.9,9.71,47,46.3,60.4,50,26.5,35.5,22.6,23.6,53.8,6.73,59.9,59,10.6,5.82,25.4,23.3,37.1,20.2,21.5,17.5,26.6,17.9,15.2,18.3,30,68.5,40.2,41.1,30.7,15.3,70.2,38.3,37.1,,51.3,34.9,22.3,20.7,21.1,80.1,29.2,61.8,,62.8,36.3,23.1,62.7,21.8,13.3,22.9,32.1,14.3,35.9,17.8,19.2,10.5,103,11.3,46.9,41.8,36.3,10.5,25.8,20.2,0.00916,74.8,27.1,23.8,45.2,9.48,52.9,35.3,25.2,13.4,52.3,30.7,22.7,40.5,12.8,,,28.7,41.9,107,28.2,20.5,22.8,91.6,,18.9,114,,49.4,63.6,26,,55.3,35.5,,21.8,13.2,,45.9,,22.8,57.6,28.3,16.8,18.5,32.2,39.9,49.8,16.9,,16,71.3,59.4,52.7,13.3,40.5,22.1,26.5,43.7,26.3,26.1,6.03,31.5,40,27,15,27.7,17.4,176,52.3,46.2,34.4,,24.1,25.3,,23.1,35,40,45,7.45,23.3,59.4,36.8,41.7,31.8,76.6,19.9,39,,33.3,20.4,42.1,21.5,74.6,12,45.7,,25.7,10.7,19.7,27.7,46,36.5,40.9,38.5,28.5,36.1
1997,,9.75,30.9,,65.1,10.6,20.3,19.2,37,29,36.9,79.1,10.5,45.6,59.9,63.9,52.8,27.2,35.9,21.1,27.8,60.9,6.98,57.2,50.1,10.8,9.84,33.6,24.9,38.1,27.4,26.9,18.5,26.5,19.5,14.8,18.1,18.8,75.6,41.8,42.9,31.3,14.9,69.2,40.5,37.8,,55.8,35.2,21.5,18.8,26,117,29.6,71.6,,61,37.8,25.5,61.3,22.9,15.6,25.4,32.4,16.2,35.4,18,19.6,21,99.7,10.5,46.2,47.9,35.6,10.8,27.9,17.3,63.8,77.2,27.9,24.2,40.6,10.5,49.2,34.9,22.7,19.6,52.9,38.3,23.9,39.7,14.5,,8.79,26.8,45,116,37.3,21.9,21.4,93.3,,23.8,111,,42.1,61.5,24.3,,54.8,52.7,,23.9,12,,43.2,,26.3,60.7,28.3,19.4,16.8,41.8,40.6,50,16.1,,17.3,77,49.2,48.5,14.5,49,23.4,27.1,48.3,28,24.7,7.8,29.1,39.2,27.3,15.7,20.1,13.2,170,55.1,47.6,38.7,,24,29,,25.8,36.5,39.3,42.7,5.34,25.2,61.4,40.1,47.2,32.4,87.2,16.2,48.2,,29,21.1,39.1,24.6,42.7,13.4,40.6,,25.3,11.1,17.5,27,52.1,29.3,43.1,36.3,27.4,37.6
1998,,10.8,22.6,,64,10.4,19,19.6,38.4,22.7,34.7,64.6,11.8,41.5,59.1,63.4,52.6,27.1,33.1,19.7,27.3,49.3,7.03,50.5,43.1,12.8,8,31.2,22.5,40,22.8,22.7,18.5,25.5,18.3,15,11.4,29.8,76.3,44.2,41.4,29.5,14.3,68.7,42.2,37.2,,58.7,34.3,17.9,16.2,24.4,116,14.8,74.4,,60.8,37.5,26.1,47.4,25.3,16.5,26.5,33.9,16.3,37.2,18.2,21.3,14.4,95.9,9.9,46.4,52.8,34,11.1,53,12.7,77.9,84.4,28.6,24.1,38.4,10.5,44.8,30.3,20.2,17,43.9,36.5,36.5,39.2,13.8,,10.8,19.4,39.1,126,41.2,21.5,32.8,116,,21.3,110,,30.9,65.7,24.6,,48.5,47.8,,23.4,10.9,,41.9,,22.8,59.7,29.6,19.3,17.8,29.7,36.9,42,16.5,,18.1,67.7,54,56.3,13.7,44.8,26,27.3,51.1,22.9,31.2,5.59,32.4,29.6,27.7,21.2,20.1,14.1,168,46.7,47.5,36.2,,25,40.4,,26.2,36.2,39.8,42.1,6.7,31.1,67.2,41,46.7,30.5,48.9,12.4,57.9,,29.7,19.9,38.5,20.6,32.7,9.64,41.9,,23.7,10.5,16.4,22.5,42.3,20.9,44.8,26.5,24.6,43.4
1999,,15.8,28.2,,61.7,9.83,20.8,18.4,39.4,28,36.5,78.9,11.8,40.9,59.2,63.9,55.1,23.7,31.1,16.9,27.6,55.2,9.56,55.8,43.2,9.52,7.58,40.5,20,41.9,21,19.2,18.3,28.8,18.2,18.3,12.7,23.6,72.3,42.7,42.4,30.5,14.5,66.9,42.9,39.3,,58.6,35,26.4,15.1,24.4,124,9.53,70.2,,61,37.6,26.1,59.6,24.4,19.1,27,32.1,19.3,45.2,19,21.6,24.9,96.5,12.2,41,55.5,32.7,11.6,35.5,19.3,77.6,86.6,32.6,23.3,39,9.95,43.3,42.5,20.8,18.8,45.9,42.2,35.9,35,14.1,,14.6,20.2,32.4,131,42.2,24.5,28,121,,20.3,112,,27.2,63.9,24.6,,52.1,50.2,,25.2,10.2,,42,,22.8,60.2,31,18.5,15.9,33.9,38.6,48.7,15.4,,17.6,56.9,63.1,45.3,15.4,45.5,24.1,26.5,60,27.7,43.2,6.26,31.9,34.7,28.1,11.7,23.3,13.8,177,47.5,44.1,35.7,,24.7,33.6,,26.4,35.5,37.5,45.3,7.78,27.2,65,41,47.4,32.3,66.1,12.5,56.4,,28.9,15.6,38,18.6,56.1,12.3,53.7,,23.6,10.3,15.1,18.1,37.4,22.9,50,34.8,25,37.4
2000,,17.9,42.1,89.7,56.2,11,23.4,19.4,43.3,39,38,79.2,12.3,42.4,69.2,71.9,53,21.1,29.4,18.3,28.7,51.8,10.2,67.4,36.5,9.53,6.32,49.5,25.9,44.2,27,20.4,16.9,30.5,20.9,15.9,23,11.4,80.3,43.1,40.8,36.5,14.1,70,48.2,44.8,,43,35.5,32.1,16.2,26.8,122,9.67,61.6,,65.2,42.1,28.6,69,25.8,23,30.8,48.8,23.7,45.3,20.2,24.5,21.8,96.1,12.7,54,66.7,32.5,13.1,41,21.5,75.7,94.5,35.6,25.7,38.8,10.6,41.8,56.6,21.6,11.8,56.5,41.8,30.7,36.9,14.2,,31.4,31.6,38.5,148,32.9,30.7,25.6,120,,22.5,119,,30,61.4,25.4,,49.8,54,36.8,26.8,12.8,0.539,40.9,,23.3,66.5,35.7,20.1,17.8,51.7,45.7,53.7,13.4,44.7,20.5,62,66.2,46.8,16.8,51.4,27.2,28.2,67.3,32.7,44.1,6.32,30.1,43.4,27.9,9.85,75.5,18.1,189,54.1,50,24.1,,27.2,35,,28.6,39,35.7,45.3,16,19.7,68.8,44.1,52.1,35.4,98.8,13.4,64.8,7.69,34.4,14.4,39.5,19.4,95.5,10.7,62.4,,24.8,10.7,16.7,24.6,39.2,29.7,53.9,41.4,23.9,38.2
2001,,18.4,36.7,75.4,55.6,11.6,25.5,22.2,44.6,40.9,34.1,73.6,13.4,40.2,66.7,71,50.9,20.3,26.3,20,28.4,48.7,12.4,69.5,35.1,9.24,5.18,52.5,25.8,42,29.8,17.2,14.7,32.4,20.3,15.4,18.3,12,77.4,40.7,40.7,38.7,13.2,68.2,49,45.6,,35.3,31.9,23.2,17.5,25,124,10.8,61.3,,60.7,39.7,28.3,54.3,21.8,24.5,31.9,45.2,22.8,37.9,28.2,28.6,21.2,95,12.4,51.4,64.7,37.4,12.7,39,19.3,65.3,95.3,31.3,25.7,35.6,10.2,42.1,45.9,22.9,15.7,51.3,36.7,27.9,38.1,15.6,,34,26.5,44,147,29.2,29.1,28,110,,26.3,108,,29.4,68.5,22.7,,49.9,50.3,38.4,28.2,21.1,0.471,41.2,,22.6,63.8,35.4,19,16.9,45.4,45,51.7,14.7,45.7,15.4,62.1,65.3,45.1,16.6,46,27.2,27.4,65.9,33,36.9,8.47,30.8,39.6,28.7,22.4,83.8,7.84,184,57.8,51.7,16.5,,29.4,32.7,,27.9,37.3,33.2,40.9,11.4,23.6,74.7,43.8,50.9,35.4,68,17,63.3,7.44,33.8,13,42.8,26.6,81.4,11.5,55.5,49.2,24.7,9.67,16.8,28.1,38,22.7,55.1,35.9,25.1,35
2002,32.4,19.6,35.5,68.3,52.5,28.4,29.4,20.8,45.3,42.8,36.2,72.2,12.4,38.2,63.6,70.3,52.6,20.2,23.9,21.6,24.3,52.2,14.2,67.1,33.9,9.18,4.69,55.4,24.3,40,32.5,16,12.7,32.8,22.6,14.8,15.6,15.7,81.5,39.4,47.5,37.7,11.5,62.4,45.1,45.7,,36.5,30.7,21.5,18.3,25.5,122,11.8,58.3,,61.5,39.1,27.5,52.6,27.2,29.2,32.6,42.6,20.1,31.9,26.3,26.5,17.8,92.8,12.1,52.7,58,35.9,14.4,32.7,24.4,70.6,90.5,32.9,24.5,32.8,11,47.5,47,24.9,19.4,44.6,39.6,28.8,36.6,16.1,,42.4,44.8,47.3,142,26.3,16,15.9,108,,28.1,112,,28.3,61.8,22.6,,52.7,50.7,35.4,28.9,24.4,0.286,46,,17.7,60.8,32.8,18.8,15.9,36,40.4,49.1,15.2,46,13.4,57.6,60.9,53.8,17.3,46.7,28.8,26.9,60.3,35.2,35.2,7.04,29.3,40.9,28.5,20.6,77.9,8.55,186,57.5,52.2,20.1,,31.8,30.8,,26.5,34.9,31.8,38.6,14,18.8,77.2,42.1,48.9,38.1,65.5,17.6,60.6,7.07,36.5,18.3,40.8,24.5,69,11.2,55.1,49.5,23.8,9.13,20.6,30.8,42.3,30.4,54.7,37,27.1,31.8
2003,43.6,20.4,38.2,68.4,54.1,25.9,32.2,19.1,44.6,42,35.8,72.1,11.4,42.1,65.2,68.6,53.2,19,25.5,25.6,30.3,48.8,15.2,69.3,34.7,8.71,6.38,56.5,20.9,36.8,31.4,18.2,24.6,35.7,27,16.6,18.9,24,80.8,40.9,41.9,38.9,13,57.8,46.9,43.8,,33.8,42.2,22.6,21.8,25.9,119,6.44,57.4,,59.9,37.3,26.1,51.9,31.1,31.8,32.6,40.7,18.5,30.4,25.8,26,18.7,89.8,15.9,54.1,56.3,32.9,15.1,30.5,24.6,77.4,80.9,34.7,23.4,36.6,11.6,47.4,48.4,24.1,17.6,52.1,38.7,23.5,36.1,16.7,,36.1,57.3,46.2,139,27.7,23.1,20.2,107,,25.8,108,,21.4,56.7,24.4,,53.5,52.4,30.6,27.5,25.6,0.208,43.4,,15.7,59.7,29.8,20.7,15.2,39.8,39.6,49.8,16.7,40.9,13,54.3,69.4,55,19,47.2,33.4,26.8,61.7,34.5,35.2,8.45,27.9,45.9,26.6,22,88.9,13.9,205,62.2,50.9,26.4,,26.9,32.7,,25.4,34.7,35.5,35.9,14.8,19.7,84.4,41.2,48.1,33.5,63.4,18.6,61.5,6.22,43.4,19.4,39.5,22.2,62.3,11.4,57.8,55.9,23.5,9.04,27.4,37.3,43.3,33.9,56.7,36.4,25.7,32.4
2004,34,22,40.1,70.3,58.1,23.8,29.7,17.2,46.9,48.8,38.2,78.6,11.1,40.9,67.9,70.4,50.6,18.8,31,31.1,32.2,49.6,16.5,68.8,41.3,11.3,6.95,63.6,22.7,37.3,32,14,51,39.8,31.1,16.8,15.5,22.7,80.5,42.4,46.4,39.5,16,56.9,57.3,43.9,,34.8,41.1,24.6,28.2,25.9,111,5.78,61.5,,53.8,38.6,26.5,55,34.2,31.6,35.4,39.3,20.7,33,27,24.6,18.5,95.8,14.4,58.4,59.5,32.6,18,32.2,25.3,56.3,80.5,39.1,24.1,37.5,13,52.6,52.5,26.6,12.2,56.9,42.6,24.9,39.1,36.2,,67.6,63.8,47.3,153,30.7,32.6,18.8,115,,23.7,103,24.1,25.6,54,28.4,15.5,50.7,60.8,42,28.1,28.9,0.187,39.8,,16.7,63.5,29.5,23.1,17.4,30.2,41.1,51.4,15.7,41.2,13.8,57.8,72.2,54.4,22.9,48.6,34.3,27.3,64.2,35.6,34.4,11.1,28.2,51,27.1,24.2,74,16.5,216,68.7,55,30.9,,25.5,38.3,,25.2,35.3,38.6,35.4,17.8,26.1,68.6,43.4,51.5,40.1,58.3,19.7,66,3.28,38.6,19.7,42.2,22.8,61.7,12.7,61.2,63.6,23.4,9.63,32.1,40.2,45.6,36.2,59.7,36.4,33.5,34.5
2005,27.4,22.8,47.2,86,53.3,23.2,28.8,18.3,48.6,62.9,38.8,83.9,14.4,43.9,59.8,73.5,54.7,18.9,38.2,35.5,31.6,52.9,15.2,70.2,42.9,9.74,8.2,64.1,24.6,36.8,37.8,13.4,48,40.2,33.8,16.8,15,22.9,84.2,43.7,49.9,39.3,21,55.7,62.2,47.5,,34.9,28.3,27.6,30.3,25.3,87.4,6.17,65.9,,53.1,40.3,27,60,32.8,33.7,37.7,36.4,21.3,21.4,25.1,34.8,16.1,84.6,14,59,62.5,30.6,19.8,34.1,30.3,54.3,79.6,40.8,24.7,35.3,14,53.3,53.2,28.5,14.3,64,38.3,29,43.2,37.8,,59.1,63.7,53.8,162,34.8,28.2,18.1,113,,23,104,30.5,30.7,59.9,30.4,16.7,51.1,58.8,43.5,30.9,30.2,0.178,40.4,,14.6,66.6,28.3,24.4,16.6,31.7,43.4,58.3,15.7,43.5,15,64.5,,58.2,26.8,46.1,34.6,26.7,65.1,32.9,35.2,11.4,28.4,57.1,27,27.1,78.3,17.6,226,72,59.6,34.1,,26.4,36.8,,24.7,32.3,41.7,36.4,19.2,30.4,60.4,45.9,53.8,40.4,27,16.9,68.4,1.99,40,17.8,44.9,21,65,14.2,51.5,67.6,24.7,10,30.4,37.9,45.4,39.7,63.7,40.9,30.6,33.5
2006,26.5,24.9,48.8,79.8,47.4,23,23.4,19.9,50.8,66.5,38.3,84.6,16.4,45.7,60.1,75.7,61.1,18.5,54.4,41.8,35,52.3,14.4,71.7,47.3,11.6,7.28,68.6,25.6,35.3,45.1,14.3,47.6,43.8,36,17.6,14.8,21.7,84.2,43.5,52.4,39.7,18.7,53.4,65.2,50.7,,37,28.2,30.3,29.9,25.9,82.3,6.9,63.5,,49.9,43.2,27.9,60.6,33.8,32.9,41.2,25.2,21.2,23.2,24.9,23.8,12.8,50.4,14.5,56.1,74,31.1,21.7,31,29.9,51,79,40.8,26.2,40.1,15.9,54.5,51,23,11.1,65.5,41.7,38.2,40,36.7,,82.4,73.6,55.6,176,37.8,29.7,17.6,112,49.3,28.4,123,24,46.7,58.4,27.3,18.1,45.3,59.4,40.6,32.8,30.2,0.157,45.5,,13.4,69.3,29.6,31.3,16.4,43.1,44.7,56.2,14.1,44.5,15,66.2,,58.7,30.5,46.6,37.9,29.9,62.8,32.1,33.7,12.1,28.9,59.8,25.6,30.3,84.4,16.9,230,81,64.7,36.1,,29.3,37.2,,24.9,30.1,37,34.7,19.1,65,59.1,48.2,56.5,39.5,23.2,17.1,68.7,1.64,38.2,14.5,46,21.7,73.1,15.3,46.6,68.6,26.7,10.7,30.3,36.5,41.3,36.5,67.7,41.3,32.6,36
2007,17.8,28.1,47.1,74,44.3,22.7,19.2,20.2,52.6,68.1,40.1,79.7,17,45.2,60.9,77.5,61.1,22.6,55,41.8,27.1,54.5,13.3,67.9,52.4,10.5,7.26,65.3,28.9,34.2,36,14.1,44.5,45.1,35.4,16.5,15.5,39.1,78.5,40.8,47.2,39,20.3,53.3,66.4,51.5,,35.1,26.8,31.9,30.2,25.6,88.6,5.77,63.2,,49,44,27.9,58.5,28.9,31.2,43,24.5,22.5,27.6,25.6,23.6,20.2,51.2,13.4,53.5,77.9,33.3,21,29.4,28.8,45.9,80.8,40.5,27.4,39.7,17.5,54.9,49.3,21.9,17,63.4,52.9,33.6,38.5,38.2,49.2,75,72.7,50.4,183,44.1,30.3,23.3,106,96.5,24.2,130,24.3,44.9,55.9,27.5,22.5,47.5,59.6,43,34.6,30.8,0.138,50.5,,12.9,70.3,29.2,33.1,17.4,33.7,43.3,56.5,13.2,45.5,19.4,71.5,,56.7,31.5,43.3,38.6,31,60.3,28.4,30.2,15.7,29.7,59.9,25.4,28.4,90.6,15.6,215,83.3,67.6,41.6,,31.2,39.2,,25.7,29.1,34.6,32.6,21.9,54.1,57.3,48.3,61.3,38.6,20.6,18.9,68.9,2.01,37.9,12.2,51.1,21.2,75.4,16.7,44.8,72.4,24.9,11.5,29.1,39.7,40.8,31.1,70.5,35.9,33.6,37.8
2008,18,25.3,48,76.3,45.7,22.1,15,20.2,53.2,65.8,39.5,82.6,17.7,45.4,60.9,79.7,62.4,22.9,48.8,44.9,26.8,45.7,13.5,78.3,52.5,9.97,9.49,65.5,29.1,34.3,36.9,11,42.7,41.4,32.5,17.8,14.2,39,75.2,39,47.1,38.5,20.6,50.1,63.2,54.2,,34.2,23.9,34.2,33,26.7,89.2,4.43,66.8,,57.1,45.1,28.1,62.2,23.4,28.6,43.5,25,23.4,25.2,24.7,21.6,19.9,52.8,12.7,51.3,79.3,41.2,24.3,29.8,26.6,50.3,84.1,38.5,27,41.9,17.4,57.8,57.1,22.7,15.9,66.8,53.5,33.2,39.5,39,50,34.4,72.5,57.1,187,43.2,26.5,22.7,99.5,86.7,25.3,148,28.7,45.9,51.1,27.7,23.3,40.8,54,39.5,35.7,29.3,0.117,54.4,,12.8,71.6,32,34.5,17.7,39.9,45.9,58.5,12.4,48.7,17.5,78.1,,54,29.7,36.9,37.9,31.1,61.4,26.3,31.3,12.5,28.9,62.1,26.1,29.1,101,13.5,231,80,66.1,44.3,,35.6,50,,25.3,24.8,31.9,30.2,24.1,56.9,54.4,49.8,62.7,,16.8,18.6,71.4,1.84,35.5,15.7,56.2,22.8,64.1,24.3,46.9,78.9,26.8,12.5,30.2,41.1,45.2,30.8,70.3,37.8,28.9,41.5
2009,14.7,25.2,35.4,54.9,45.9,19.6,15.5,23,45.2,51.6,34.2,68.5,16.9,43,50.5,69.3,51.6,20.4,44.7,35.7,25,34.8,10.9,72.8,42.3,12.7,6.8,49.2,21.4,28.4,31.1,10.7,35.1,37,24.5,16,14.8,26.8,70.4,34.8,50.9,34.5,17.5,48.7,58.7,47.1,,30.3,21,25.2,25,24,74.3,4.53,60.8,,49.5,36.3,24.8,52.2,25.4,29.7,37.8,29.3,19,24.3,24,22.5,18.8,48.9,15.7,39.5,74.4,49.5,20.6,24.2,22.7,39.4,93.2,33.3,22.5,34.5,12.5,46.4,41.8,20,15.9,59.5,54.7,30.1,42.6,33.7,41.8,15.3,59.2,51.9,164,32.8,22.4,20,91.4,73,21.7,148,26.2,40.9,47.7,27.2,21.9,36.9,50.3,34.3,28,30,0.103,52.3,,12.4,63.2,28.7,34,20.3,30.8,39.2,50.6,12.4,45.7,15.6,69.8,,51.5,26.4,32.2,37.2,27.1,51.1,26.5,27.9,11.7,30.3,47.1,24.4,26.8,108,13.5,192,67.6,57.2,39.3,,27.9,47.5,,22.7,21.3,24.4,28.5,16,44.1,52,44.5,57.2,,15.2,17.4,64.4,2.25,36.7,13.4,45.8,22.6,74.6,17.3,46.4,79.7,26.1,11,27.1,34.2,49.1,18.1,62.6,28.3,29.3,21.8
2010,10,28,38.4,62.3,45.5,18.9,20.8,19.8,51.3,54.3,35,69.5,16,39.5,51.4,76.4,58.2,23.8,42.5,41.2,29.7,43.6,10.7,67.4,50.2,19.2,8.92,54.1,22.2,29.1,32.7,11.8,36.8,37.7,26.3,15.9,16.5,41.1,85.1,33.2,50.6,37.6,22.6,50.2,66,50.5,,35.6,22.7,27.9,21.3,26.9,85.8,4.79,75.1,,57.8,38.7,26.8,57.7,23.8,35,42.3,29.5,22.1,23.8,25.8,30.3,14.9,51.4,15.3,45.8,81.8,53.4,22.6,24.3,24.4,39.4,103,35,25.2,31.3,15,48.3,44.2,20.7,13.3,66.7,51.6,35.4,53.7,35.8,39.4,19.1,65.6,65.3,175,39.8,25,22.8,86.9,77.6,22.8,153,33.3,50.7,51.2,29.7,23.5,39.2,46.7,37,32.2,31.5,0.109,47.8,,9.58,72,30.3,40.5,22.2,25.3,39.7,65.7,13.5,49.7,15.3,70,,55.1,27.8,34.8,40.1,29.9,62.3,32.6,29.2,12,29.2,49.6,24.9,32.9,93.8,16.8,200,76.3,64.3,49.3,,28.6,49.4,,25.5,19.6,30.1,26.9,19.7,52.5,46.5,46.2,64,,14.9,18.7,66.5,2.2,40.2,12.4,50.5,20.4,76.3,17.1,47.1,77.7,28.2,12.4,26.3,31.7,46.6,28.5,72,30,37,35.2
2011,6.11,29.2,38.8,65.4,47.1,18.4,23.8,21.5,53.9,56.4,37.4,99.4,19.9,37.9,78.5,81.6,60.1,21.4,41.2,44.1,32,48.9,11.5,69.5,59.1,25,9.35,54.1,25.9,30.6,35.5,11.5,38.9,37.8,26.5,18.7,17.4,39.5,87.3,32.9,53.8,40.3,25.1,52.9,71.3,53.8,,37.6,24.2,31.1,20.6,29,75.1,14.4,86.5,16.7,62.8,39.2,28.4,61.7,26.5,36.2,44.8,36.9,25.5,25.2,26.6,32.6,25.7,55.3,17.4,51.3,86.7,56.3,24.5,26.3,25.6,44.4,103,36,27,30.4,14.9,47.7,46.5,21.6,15.3,73.2,54.5,40.3,57.8,36.9,44.1,21.8,54.8,75,178,47.1,26.7,20.8,85.3,88,22.7,160,43,56.1,52.4,31,24.3,45,52.6,42.3,34.7,33.4,0.0995,45.5,,8.9,77.4,30.4,45,20.9,31.3,41.2,72.7,14,56.4,17.2,78.2,,52.5,30.5,32,42.6,34.3,72.6,37,28,13.6,28.3,56,26.4,34,95.8,16.3,203,85,70.4,58.1,,30.5,55.7,71.1,28.9,20.9,34.7,27,17.6,64.4,45.8,46.7,65.5,,16.4,20.8,70.9,1.72,39.4,15.9,49.3,22.3,74.7,19,49.8,89.8,30.5,13.6,26.4,32.7,44.3,29.9,79.4,30.3,40.5,40.6
2012,5.52,28.9,36.9,63.1,44.9,16.2,27.6,21.5,54,53,38.1,102,20.2,38.9,78.8,82.3,62.5,24.6,38.7,47.2,32.3,48.4,11.7,70.2,60.8,25.5,8.95,57.9,26.1,30.2,40.4,11.6,38.5,34.1,25.4,18.3,15.7,30.8,83.8,32.2,48.5,41.5,25.5,53.4,76.2,54.6,,32.6,24.6,30.2,16.4,28.5,71.9,,86,13.8,60.5,39.5,29.2,61,30.9,38.2,46,40.4,28.7,25.8,24.9,33.1,15.5,59.9,16.9,50.9,86.4,56.7,24.5,24.6,24.1,44.4,107,36.1,28.6,30.2,14.5,46.2,44.1,22.3,13.3,74.7,44.4,37.9,61.3,34.1,38.7,32.9,74.6,81.6,186,45.4,28.6,26.2,79.3,85.8,26.9,165,45.1,53,53.8,32.3,29.5,43.5,43.6,43.7,34.9,32.4,11.5,43.4,70.6,10.1,81.9,28.9,47.5,21.9,31.4,40.6,68,12.4,59.6,16.6,75.2,,49.9,27.4,30.8,44.4,37.7,76.5,37.5,26.9,12.8,27,54.3,27.9,36.9,99.3,32.9,197,91.4,73.1,59.7,,29.7,56.3,9.31,30.7,19.8,37.9,27.5,9.22,57.7,44.9,46.3,67,,17.2,21.3,69.8,1.86,46.7,17,49.4,23.7,73.3,20.2,35.4,100,29.7,13.6,25.9,27.3,49.1,26.2,80,24.9,40.1,30.2
2013,6.31,28.9,33.2,55.7,45.7,14.6,28.4,20,53.4,48.3,39.9,105,19.5,41.5,58.3,81.7,61.3,28.2,40.5,44.1,33.7,61.5,11.6,68,64.7,26.2,7.4,62.4,25.6,30.2,40.5,14.5,33.6,32.2,24.5,17.6,16.3,36.4,76.5,31.3,41.5,42.8,24.1,58.6,76.9,54.8,36.6,38.5,25.2,28.6,17,29.2,67.7,,84.3,12.5,59.1,38.8,29.4,57.4,29.4,44.7,45.4,34.2,30.4,25.4,23.7,26.5,18.3,51.5,18.3,47.9,85.7,55.2,25.4,23.9,26.9,39.7,106,33.3,28.9,30.6,15.9,42.4,38.6,19.9,12.5,70.9,42.3,38.2,60.3,31.8,35.8,34.6,70.4,84.1,191,43.4,30.1,35.7,75.6,88.4,24.9,157,42.2,49.8,48.4,31.3,29.6,43.3,38.9,41.3,32.8,30.4,19.6,41.2,75.5,10.7,82,28.8,45.2,22.6,18,39.1,71.5,13.3,58.8,16.6,65.2,,49.6,24.8,28,46.3,39.5,72.7,39.7,25.8,14.1,29,51.9,28.3,41.2,90.8,28.6,194,93.8,74.5,52.9,14.5,31,53.9,28,32.2,20.3,41.2,25.2,8.84,50.4,46.7,43.8,71.9,,11.3,17.7,68.1,1.66,52.7,20.4,47.7,22.3,,20.3,43,101,29.7,13.6,23.4,26.6,47.8,24.8,83.6,22.4,40.5,27.2
2014,6.57,28.2,30.2,48,46.1,14.4,28.6,21.1,53.4,43.3,37.9,96.1,19,40.8,54.9,82.7,60.6,32.1,36.3,43.3,34,60.8,11,68.7,65,25.9,7.77,62.6,24.9,31.5,40.4,13,34.2,33.1,23.5,15.9,16.9,36.8,73,32.3,36.7,45.3,22.1,62.1,82.5,54.6,34.9,52.1,25.4,28.1,14.2,28.9,66,,82.6,11.6,52.6,37.2,29.7,44.5,29.2,42.9,45.7,39.5,32.4,60.2,23.2,26.3,20.2,43.8,18.5,47.6,87.7,52.9,23,23.7,23.1,41.3,113,32.2,29.3,31.3,17.5,43.3,39.3,18.3,12.9,68.5,37.4,40.8,60.7,27.6,35.6,28.4,47,81.1,208,47.7,32.8,33.7,73.8,89.3,22.5,149,39.7,39.1,51.1,31.9,26.1,41.5,52.2,40.1,34.3,33.4,20.1,38.7,57.3,11.5,82.6,27.9,45,21,18.4,38.8,66.1,12.2,62.6,17.1,55.4,,45.2,22.6,28.9,47.6,40.1,68,41.2,27.1,14.7,27.8,46.9,28.1,43.4,88,30.8,191,91.9,75.8,50.8,14.4,31.5,50.3,34,32.7,21.1,64,25.6,8.15,45,50.2,45,64.3,,9.05,19.4,69.3,1.83,44.5,16.8,45.6,23.8,,18.2,48.6,99.1,28.2,13.6,23.5,23.1,48.6,16.7,86.4,21.5,38.8,25.7
2015,7,27.3,23.2,33.4,44.1,10.7,29.7,20,52.9,37.8,35,82.4,17.3,35.2,58,80.8,57.2,28.2,33.2,30.9,34.6,52.2,12.9,52.2,64.1,26,6.25,61.7,22.3,31.5,44.9,12.6,29.9,29.4,21.3,15.2,17.8,27.7,69.3,30.8,35.4,48.2,17.1,64.5,81,55.7,38.7,50.1,24.5,21.3,13.2,29,56.7,,78.6,9.36,49.9,36.5,30.6,45.9,24.7,44.7,46.9,44.4,31.7,58,21.2,23.1,27.5,41.3,20,45.2,90.2,53.2,19.8,21.2,19.7,34.9,125,31.3,29.9,29.9,17.6,37.6,28.5,16.6,9.82,53.8,35.2,34,60.4,26.9,40.4,19.5,38,75.8,223,48.8,32.1,29.2,70.6,78.5,24,139,37.2,37.1,48.8,34.6,26.3,42.8,45.6,42.1,34.3,32.2,20.8,38.4,45.4,11.6,83.4,27.6,40.6,18.2,10.7,37.7,51.8,10.6,57.6,18.4,47.5,,42.3,21.3,28.4,49.5,40.4,56.1,41,28.6,14.2,27.5,33.3,29.4,46.7,,19.4,177,93,77,45.1,15.7,30.2,45.3,21,32.9,21,60.5,36.9,8.18,38.5,49.6,45.6,62.1,,10.5,21.6,68.7,1.63,42.2,17,40.7,23.3,,18.4,52.6,101,27.4,12.5,22.5,19.5,,,89.8,10.9,37.1,23.5
2016,6.9,28.9,21,30,41.7,12.6,33.1,19.3,52.3,46.4,35.8,74,16.6,36.4,62.5,82.9,49.7,28.7,29.7,24.5,35.4,55.1,12.5,49.6,64,28.5,6.24,61.3,18.6,31,38.5,12.7,28.2,28.2,19.7,14.8,15.9,27.2,57.1,32.8,29.4,49,,64.7,79.5,53.6,33.7,48.3,24.9,19.7,10.3,27.9,51.3,,79,7.95,26.4,36,30.2,44.1,23,43.6,46.1,41.1,30.5,56.1,19.5,29.4,26.5,45.8,20.7,42.6,89.5,48.4,19.3,19.1,22.4,32.5,122,30.3,29.8,31.4,16.1,35.1,31.8,14,11.1,48.2,35.8,33.2,60,25.5,42.2,21.4,,74.5,221,50,33.5,33,67.7,74.5,22.9,136,27.5,37.2,44.6,37.1,26.6,43.3,50.2,40.5,35.1,36.7,17.1,41.1,48.8,9.49,82.4,25.8,39.1,16.2,9.22,34.1,41.2,9.15,54,17.7,41.4,,41.7,22.4,28,52.3,40.1,47.5,41.3,25.7,14.9,29.3,31.1,29,50,,24.9,168,94.6,77.7,,15.1,30.7,42.3,54.9,32.9,21.3,57,37.3,9.83,49.8,49.5,44.3,65.8,,13.3,19.6,68.1,2.28,42.8,21.3,40.4,22,,18.6,49.3,101,28.3,11.9,21.4,18.9,,,93.6,3.58,35.3,24.7
2017,,31.5,24,29.9,,11.2,38.1,21.3,53.9,48.7,33.7,,15,37,66.6,85.1,52,30.9,26,24.9,36,,12.6,49.6,66.3,28.4,,60.7,17,30.9,39.1,12.5,33.9,28.7,19.8,14.8,17.7,35.6,79.8,34.2,29.2,51.3,,63.8,79.5,55.2,34.2,44.2,24.8,20.8,16.3,27.6,56.5,,78,7.74,,38.6,30.9,43.7,20.8,50.4,47.2,39.9,33.2,,18.8,42.9,27.4,43.7,18.8,43.6,90.1,47,18.9,20.4,23.8,37.6,120,,31.3,31.5,,35.6,,13.9,9.92,,35.4,34.3,60.5,23.6,,,,81.3,230,55.1,35.4,29.2,71.5,72.8,22.1,,,43.2,42.1,37.9,,42.5,59.5,41,36.8,38.3,,36.7,,9.76,86.5,,41.2,16.6,,35.5,,8.24,50.2,18.6,,,41.8,24.3,30.6,53.4,43.1,,41.4,26,18.2,,33.5,27,52.4,,,173,96.3,82.2,,13.5,29.8,43.1,,34.1,21.9,,34.5,9.69,68.9,,45.3,65,,15.7,,,,40.5,,43.8,24.8,,18.5,47.9,100,30.5,,21.6,28.5,,,102,,35.2,24.1
